order_id,customer_id,gender,age,city,product_category,payment_mode,order_amount,delivery_days,order_rating,order_date
1001,C0001,Male,29,Chennai,Grocery,UPI,45400,2,1,2024-01-01
1002,C0002,,33,Delhi,Grocery,UPI,10600,1,3,2024-01-02
1003,C0003,Female,41,Chennai,Home Decor,,46400,1,5,2024-01-03
1004,C0004,Female,36,Chennai,Home Decor,Credit Card,39800,8,3,2024-01-04
1005,C0005,Male,25,Delhi,Home Decor,Credit Card,33900,2,3,2024-01-05
1006,C0006,Male,48,Pune,Fashion,,14400,5,3,2024-01-06
1007,C0007,Male,38,Chennai,Home Decor,,31900,4,2,2024-01-07
1008,C0008,Female,34,Chennai,Grocery,COD,56000,8,3,2024-01-08
1009,C0009,Female,40,Pune,Grocery,,52900,2,,2024-01-09
1010,C0010,Female,54,Chennai,Fashion,Debit Card,55800,,3,2024-01-10
1011,C0011,Male,33,Chennai,Fashion,Credit Card,40300,7,2,2024-01-11
1012,C0012,,23,Chennai,Home Decor,,31200,7,2,2024-01-12
1013,C0013,Female,25,Mumbai,Beauty,Debit Card,49700,1,5,2024-01-13
1014,C0014,Male,42,Pune,Fashion,Debit Card,55800,2,4,2024-01-14
1015,C0015,Male,35,Chennai,Electronics,Debit Card,11100,4,1,2024-01-15
1016,C0016,Male,42,Pune,Grocery,Debit Card,37400,4,1,2024-01-16
1017,C0017,Male,29,Bangalore,Electronics,COD,20800,3,3,2024-01-17
1018,C0018,Female,32,Bangalore,Grocery,Debit Card,4500,7,5,2024-01-18
1019,C0019,Male,43,Chennai,Grocery,COD,24700,8,3,2024-01-19
1020,C0020,Male,58,Pune,Fashion,COD,28900,2,1,2024-01-20
1021,C0021,Female,43,Pune,Fashion,Debit Card,35700,4,2,2024-01-21
1022,C0022,Male,49,Pune,Electronics,Credit Card,47800,3,4,2024-01-22
1023,C0023,Male,27,Mumbai,Grocery,Debit Card,8500,2,5,2024-01-23
1024,C0024,Male,33,Bangalore,Electronics,Debit Card,11200,6,2,2024-01-24
1025,C0025,Female,24,Pune,Beauty,Debit Card,19200,4,4,2024-01-25
1026,C0026,Female,34,Pune,Electronics,Credit Card,25300,6,5,2024-01-26
1027,C0027,Male,40,Mumbai,Home Decor,UPI,29300,2,5,2024-01-27
1028,C0028,Female,43,Mumbai,Electronics,UPI,20300,4,1,2024-01-28
1029,C0029,Female,38,Pune,Home Decor,COD,32800,6,2,2024-01-29
1030,C0030,Male,39,Delhi,Home Decor,COD,51300,5,5,2024-01-30
1031,C0031,Female,24,Pune,Home Decor,Credit Card,41100,3,,2024-01-31
1032,C0032,Male,31,Pune,Beauty,,51000,8,5,2024-02-01
1033,C0033,Male,32,Mumbai,Electronics,UPI,7400,7,4,2024-02-02
1034,C0034,,24,Mumbai,Electronics,COD,24900,3,1,2024-02-03
1035,C0035,,26,Pune,Beauty,UPI,58900,6,3,2024-02-04
1036,C0036,Female,25,Pune,Grocery,Credit Card,56800,4,1,2024-02-05
1037,C0037,Male,40,Pune,Fashion,Credit Card,34600,5,3,2024-02-06
1038,C0038,Male,46,Mumbai,Electronics,,5600,5,2,2024-02-07
1039,C0039,Female,35,Pune,Fashion,,53000,7,2,2024-02-08
1040,C0040,Male,48,Pune,Beauty,Credit Card,53400,5,5,2024-02-09
1041,C0041,Male,47,Chennai,Grocery,COD,56000,3,,2024-02-10
1042,C0042,Female,56,Delhi,Grocery,UPI,19500,5,2,2024-02-11
1043,C0043,Male,52,Bangalore,Grocery,Debit Card,6000,7,5,2024-02-12
1044,C0044,,35,Delhi,Beauty,,43900,5,1,2024-02-13
1045,C0045,Male,59,Chennai,Home Decor,Debit Card,11300,5,2,2024-02-14
1046,C0046,Female,56,Bangalore,Home Decor,COD,13100,,1,2024-02-15
1047,C0047,Male,34,Pune,Fashion,,32800,3,1,2024-02-16
1048,C0048,Female,31,Chennai,Home Decor,Debit Card,1000,6,,2024-02-17
1049,C0049,Female,48,Pune,Home Decor,COD,3100,1,2,2024-02-18
1050,C0050,Male,41,Mumbai,Grocery,UPI,11400,5,1,2024-02-19
1051,C0051,,52,Chennai,Grocery,COD,13300,8,,2024-02-20
1052,C0052,Female,51,Mumbai,Fashion,,19000,5,,2024-02-21
1053,C0053,,20,Chennai,Electronics,Credit Card,47700,,2,2024-02-22
1054,C0054,Female,54,Chennai,Fashion,UPI,36600,6,,2024-02-23
1055,C0055,Female,,Mumbai,Fashion,Debit Card,20600,8,2,2024-02-24
1056,C0056,,57,Bangalore,Beauty,,21400,8,2,2024-02-25
1057,C0057,Male,43,Delhi,Beauty,Credit Card,27800,3,3,2024-02-26
1058,C0058,Male,40,Pune,Fashion,COD,7500,7,1,2024-02-27
1059,C0059,Male,56,Chennai,Fashion,Credit Card,24500,7,4,2024-02-28
1060,C0060,Male,32,Pune,Fashion,,10400,6,2,2024-02-29
1061,C0061,Male,21,Mumbai,Home Decor,,17300,7,1,2024-03-01
1062,C0062,Male,46,Pune,Beauty,Credit Card,19000,2,,2024-03-02
1063,C0063,Female,39,Mumbai,Fashion,COD,44300,,5,2024-03-03
1064,C0064,Male,42,Pune,Grocery,Credit Card,8800,1,2,2024-03-04
1065,C0065,Male,30,Delhi,Grocery,,47800,1,,2024-03-05
1066,C0066,Female,35,Delhi,Home Decor,,5400,3,,2024-03-06
1067,C0067,Male,50,Delhi,Home Decor,Debit Card,11300,3,,2024-03-07
1068,C0068,Female,33,Delhi,Electronics,Debit Card,4500,1,,2024-03-08
1069,C0069,Male,59,Delhi,Electronics,UPI,21300,7,,2024-03-09
1070,C0070,,19,Delhi,Electronics,,20200,4,2,2024-03-10
1071,C0071,Female,52,Mumbai,Home Decor,Debit Card,2800,2,4,2024-03-11
1072,C0072,Male,59,Chennai,Home Decor,Credit Card,30100,5,3,2024-03-12
1073,C0073,Male,51,Pune,Home Decor,COD,7900,6,,2024-03-13
1074,C0074,Female,47,Delhi,Grocery,Credit Card,13900,,,2024-03-14
1075,C0075,Female,30,Mumbai,Home Decor,COD,2200,4,3,2024-03-15
1076,C0076,Female,30,Mumbai,Grocery,Debit Card,44200,2,2,2024-03-16
1077,C0077,Female,35,Mumbai,Electronics,UPI,21300,5,1,2024-03-17
1078,C0078,Male,49,Chennai,Electronics,Credit Card,55300,3,5,2024-03-18
1079,C0079,Male,49,Pune,Electronics,Credit Card,43700,2,5,2024-03-19
1080,C0080,Male,52,Chennai,Fashion,Credit Card,20900,1,1,2024-03-20
1081,C0081,Female,56,Bangalore,Fashion,COD,44100,2,2,2024-03-21
1082,C0082,Female,46,Mumbai,Beauty,Debit Card,4400,6,5,2024-03-22
1083,C0083,Male,46,Bangalore,Beauty,Credit Card,41300,8,3,2024-03-23
1084,C0084,Male,33,Delhi,Beauty,Credit Card,52500,3,1,2024-03-24
1085,C0085,Male,27,Delhi,Fashion,UPI,42900,,4,2024-03-25
1086,C0086,Male,47,Chennai,Fashion,UPI,27700,,2,2024-03-26
1087,C0087,Female,42,Pune,Beauty,Debit Card,45000,2,1,2024-03-27
1088,C0088,Female,56,Bangalore,Beauty,Debit Card,37100,8,5,2024-03-28
1089,C0089,Female,37,Pune,Home Decor,,22200,5,2,2024-03-29
1090,C0090,Female,22,Chennai,Beauty,UPI,57900,4,3,2024-03-30
1091,C0091,Male,18,Delhi,Home Decor,,23400,5,2,2024-03-31
1092,C0092,Female,47,Pune,Grocery,COD,33000,4,2,2024-04-01
1093,C0093,Female,20,Pune,Fashion,,44500,8,3,2024-04-02
1094,C0094,Female,31,Delhi,Beauty,Credit Card,5400,4,,2024-04-03
1095,C0095,Female,47,Bangalore,Fashion,,37800,6,3,2024-04-04
1096,C0096,Female,21,Delhi,Fashion,Debit Card,26500,2,2,2024-04-05
1097,C0097,Female,35,Pune,Fashion,COD,26900,5,3,2024-04-06
1098,C0098,Male,54,Bangalore,Grocery,Credit Card,36100,6,,2024-04-07
1099,C0099,Male,42,Bangalore,Electronics,,31900,5,1,2024-04-08
1100,C0100,Male,18,Delhi,Beauty,COD,32600,2,3,2024-04-09
1101,C0101,Male,32,Pune,Electronics,COD,56500,7,3,2024-04-10
1102,C0102,Female,26,Chennai,Electronics,Credit Card,42300,4,2,2024-04-11
1103,C0103,Male,32,Pune,Electronics,,4800,8,1,2024-04-12
1104,C0104,Female,41,Mumbai,Fashion,COD,27100,7,4,2024-04-13
1105,C0105,,21,Chennai,Home Decor,COD,38300,7,4,2024-04-14
1106,C0106,Male,29,Bangalore,Fashion,UPI,12000,,5,2024-04-15
1107,C0107,Male,54,Chennai,Fashion,COD,56800,1,3,2024-04-16
1108,C0108,Female,54,Bangalore,Electronics,UPI,11800,6,3,2024-04-17
1109,C0109,Male,,Bangalore,Fashion,,26200,6,1,2024-04-18
1110,C0110,Male,23,Chennai,Electronics,,7700,6,,2024-04-19
1111,C0111,Male,56,Bangalore,Home Decor,,48200,6,4,2024-04-20
1112,C0112,Male,41,Bangalore,Beauty,Debit Card,30700,7,5,2024-04-21
1113,C0113,,28,Mumbai,Electronics,,900,6,1,2024-04-22
1114,C0114,Female,30,Pune,Home Decor,COD,36800,1,3,2024-04-23
1115,C0115,Female,51,Pune,Beauty,Credit Card,52500,3,4,2024-04-24
1116,C0116,Female,42,Mumbai,Grocery,UPI,35000,2,5,2024-04-25
1117,C0117,Female,24,Chennai,Electronics,Debit Card,44000,6,2,2024-04-26
1118,C0118,Male,21,Delhi,Electronics,,21700,8,4,2024-04-27
1119,C0119,Female,25,Delhi,Grocery,,43100,3,5,2024-04-28
1120,C0120,Female,37,Delhi,Grocery,Credit Card,50000,8,1,2024-04-29
1121,C0121,Female,46,Mumbai,Electronics,Credit Card,54200,8,2,2024-04-30
1122,C0122,Female,27,Mumbai,Grocery,Debit Card,36900,5,5,2024-05-01
1123,C0123,Male,,Bangalore,Fashion,UPI,31500,8,5,2024-05-02
1124,C0124,Male,51,Delhi,Beauty,,54000,6,3,2024-05-03
1125,C0125,Male,43,Chennai,Beauty,Debit Card,5600,5,,2024-05-04
1126,C0126,Male,58,Chennai,Beauty,COD,54300,,4,2024-05-05
1127,C0127,Female,20,Delhi,Fashion,COD,46900,7,3,2024-05-06
1128,C0128,Female,23,Delhi,Grocery,Debit Card,16600,8,2,2024-05-07
1129,C0129,Male,22,Delhi,Home Decor,,33600,1,,2024-05-08
1130,C0130,Female,22,Mumbai,Grocery,Debit Card,54900,2,5,2024-05-09
1131,C0131,Male,40,Mumbai,Electronics,,35000,8,3,2024-05-10
1132,C0132,Male,26,Mumbai,Beauty,Credit Card,27500,,,2024-05-11
1133,C0133,Male,52,Pune,Grocery,Debit Card,41600,4,4,2024-05-12
1134,C0134,Male,37,Chennai,Home Decor,,50200,,2,2024-05-13
1135,C0135,,59,Chennai,Electronics,Debit Card,9500,4,1,2024-05-14
1136,C0136,Male,52,Bangalore,Fashion,Debit Card,8100,,3,2024-05-15
1137,C0137,Female,35,Mumbai,Fashion,,21900,7,2,2024-05-16
1138,C0138,Female,34,Pune,Home Decor,,36000,2,1,2024-05-17
1139,C0139,Male,41,Pune,Electronics,UPI,50900,,3,2024-05-18
1140,C0140,,20,Chennai,Beauty,Debit Card,56100,4,2,2024-05-19
1141,C0141,,49,Mumbai,Grocery,COD,18300,8,2,2024-05-20
1142,C0142,Male,52,Bangalore,Electronics,Debit Card,57800,7,,2024-05-21
1143,C0143,Female,55,Mumbai,Fashion,Debit Card,24800,7,3,2024-05-22
1144,C0144,Male,30,Delhi,Home Decor,,24600,8,2,2024-05-23
1145,C0145,Male,42,Mumbai,Home Decor,Debit Card,50800,1,5,2024-05-24
1146,C0146,Male,26,Delhi,Grocery,Debit Card,42400,5,3,2024-05-25
1147,C0147,Female,21,Delhi,Home Decor,COD,32200,2,2,2024-05-26
1148,C0148,Female,31,Bangalore,Home Decor,,8900,2,,2024-05-27
1149,C0149,Male,54,Chennai,Electronics,Debit Card,21900,1,1,2024-05-28
1150,C0150,Male,51,Mumbai,Beauty,Credit Card,49200,5,1,2024-05-29
1151,C0151,,28,Delhi,Grocery,UPI,52100,2,5,2024-05-30
1152,C0152,Male,58,Mumbai,Electronics,COD,28000,4,3,2024-05-31
1153,C0153,Male,20,Chennai,Beauty,Debit Card,17100,3,,2024-06-01
1154,C0154,Female,45,Chennai,Electronics,Credit Card,33200,3,2,2024-06-02
1155,C0155,,46,Pune,Electronics,Debit Card,44300,2,2,2024-06-03
1156,C0156,Male,26,Chennai,Home Decor,Debit Card,39300,6,1,2024-06-04
1157,C0157,Female,20,Bangalore,Beauty,,49800,2,,2024-06-05
1158,C0158,Female,42,Delhi,Grocery,,38300,8,5,2024-06-06
1159,C0159,Male,51,Pune,Grocery,,30800,8,1,2024-06-07
1160,C0160,Female,29,Bangalore,Beauty,Credit Card,51500,5,1,2024-06-08
1161,C0161,Male,59,Mumbai,Home Decor,Debit Card,19000,7,5,2024-06-09
1162,C0162,Female,26,Delhi,Fashion,UPI,51800,4,3,2024-06-10
1163,C0163,Female,32,Chennai,Electronics,COD,42900,1,2,2024-06-11
1164,C0164,Female,57,Delhi,Home Decor,,50400,2,3,2024-06-12
1165,C0165,Male,42,Mumbai,Beauty,,26200,4,,2024-06-13
1166,C0166,Female,22,Pune,Electronics,Debit Card,51500,1,4,2024-06-14
1167,C0167,Male,28,Pune,Grocery,Debit Card,7300,8,4,2024-06-15
1168,C0168,Male,51,Pune,Fashion,Credit Card,48000,,4,2024-06-16
1169,C0169,Male,41,Chennai,Grocery,Credit Card,18000,4,5,2024-06-17
1170,C0170,Female,32,Bangalore,Beauty,,45900,3,1,2024-06-18
1171,C0171,Female,55,Bangalore,Electronics,Debit Card,19100,2,3,2024-06-19
1172,C0172,Male,25,Delhi,Beauty,UPI,29300,5,2,2024-06-20
1173,C0173,Female,22,Chennai,Electronics,COD,52200,3,4,2024-06-21
1174,C0174,Male,43,Pune,Home Decor,Debit Card,29400,7,3,2024-06-22
1175,C0175,Female,35,Pune,Fashion,Debit Card,28500,6,4,2024-06-23
1176,C0176,Male,23,Mumbai,Home Decor,Credit Card,54600,1,4,2024-06-24
1177,C0177,Female,54,Mumbai,Home Decor,COD,37900,8,2,2024-06-25
1178,C0178,Male,30,Pune,Beauty,,15800,2,,2024-06-26
1179,C0179,,45,Pune,Fashion,Debit Card,51000,5,,2024-06-27
1180,C0180,Male,22,Chennai,Electronics,,41500,,,2024-06-28
1181,C0181,Male,30,Bangalore,Electronics,Debit Card,53000,8,5,2024-06-29
1182,C0182,Male,34,Mumbai,Grocery,,35700,2,1,2024-06-30
1183,C0183,,57,Bangalore,Electronics,COD,56100,,5,2024-07-01
1184,C0184,Female,49,Chennai,Beauty,Credit Card,18900,5,3,2024-07-02
1185,C0185,Male,46,Pune,Home Decor,COD,3300,6,5,2024-07-03
1186,C0186,Female,20,Bangalore,Home Decor,UPI,26200,3,3,2024-07-04
1187,C0187,Female,57,Pune,Home Decor,Credit Card,42300,3,3,2024-07-05
1188,C0188,Female,51,Pune,Fashion,COD,53100,8,1,2024-07-06
1189,C0189,Female,57,Delhi,Electronics,UPI,55300,2,2,2024-07-07
1190,C0190,Male,44,Bangalore,Beauty,Debit Card,30600,2,1,2024-07-08
1191,C0191,Male,30,Bangalore,Fashion,Debit Card,4100,5,,2024-07-09
1192,C0192,Female,50,Pune,Grocery,,49100,6,,2024-07-10
1193,C0193,,23,Chennai,Beauty,Credit Card,54400,2,5,2024-07-11
1194,C0194,Female,41,Delhi,Beauty,Debit Card,28000,5,3,2024-07-12
1195,C0195,Male,36,Pune,Beauty,Credit Card,20500,7,4,2024-07-13
1196,C0196,Male,33,Mumbai,Home Decor,Debit Card,6800,8,4,2024-07-14
1197,C0197,Female,57,Mumbai,Beauty,,11000,7,3,2024-07-15
1198,C0198,Female,45,Delhi,Electronics,COD,27000,8,1,2024-07-16
1199,C0199,Female,50,Chennai,Beauty,,22400,,2,2024-07-17
1200,C0200,Female,58,Pune,Home Decor,UPI,53200,5,1,2024-07-18
1201,C0201,Female,30,Bangalore,Beauty,Debit Card,9200,5,3,2024-07-19
1202,C0202,Male,,Delhi,Grocery,UPI,25700,4,3,2024-07-20
1203,C0203,Male,42,Chennai,Grocery,UPI,45700,,2,2024-07-21
1204,C0204,Female,59,Bangalore,Home Decor,Credit Card,25500,5,5,2024-07-22
1205,C0205,Female,53,Mumbai,Electronics,Debit Card,25900,2,5,2024-07-23
1206,C0206,Male,44,Mumbai,Electronics,UPI,38500,8,2,2024-07-24
1207,C0207,Male,55,Bangalore,Fashion,COD,44400,7,5,2024-07-25
1208,C0208,Female,24,Delhi,Home Decor,UPI,9200,8,4,2024-07-26
1209,C0209,Male,22,Mumbai,Beauty,COD,39200,3,5,2024-07-27
1210,C0210,Male,,Pune,Home Decor,Credit Card,58400,4,5,2024-07-28
1211,C0211,Female,48,Bangalore,Fashion,UPI,4600,5,5,2024-07-29
1212,C0212,Female,40,Bangalore,Home Decor,,,6,4,2024-07-30
1213,C0213,Female,59,Mumbai,Home Decor,Credit Card,2100,1,5,2024-07-31
1214,C0214,Male,27,Delhi,Fashion,COD,10300,4,,2024-08-01
1215,C0215,Female,49,Pune,Electronics,Credit Card,35900,5,4,2024-08-02
1216,C0216,Male,,Delhi,Beauty,UPI,54400,7,2,2024-08-03
1217,C0217,Male,47,Chennai,Fashion,Debit Card,3500,5,1,2024-08-04
1218,C0218,Female,56,Chennai,Grocery,Debit Card,23100,1,2,2024-08-05
1219,C0219,Female,48,Mumbai,Electronics,COD,52600,7,1,2024-08-06
1220,C0220,Female,35,Mumbai,Grocery,COD,15700,8,2,2024-08-07
1221,C0221,Female,53,Mumbai,Electronics,Debit Card,42500,7,,2024-08-08
1222,C0222,Female,19,Chennai,Beauty,COD,24800,4,1,2024-08-09
1223,C0223,Male,31,Delhi,Beauty,Credit Card,40700,8,1,2024-08-10
1224,C0224,Male,30,Delhi,Home Decor,,54300,5,3,2024-08-11
1225,C0225,Male,46,Mumbai,Grocery,,16300,,1,2024-08-12
1226,C0226,Male,29,Pune,Electronics,Credit Card,11900,5,1,2024-08-13
1227,C0227,,56,Delhi,Beauty,,27300,1,3,2024-08-14
1228,C0228,Male,19,Chennai,Fashion,UPI,48900,,5,2024-08-15
1229,C0229,Female,49,Bangalore,Beauty,Credit Card,17400,5,5,2024-08-16
1230,C0230,Female,30,Bangalore,Fashion,COD,27600,6,3,2024-08-17
1231,C0231,Female,44,Bangalore,Electronics,Credit Card,26100,4,4,2024-08-18
1232,C0232,Female,58,Pune,Beauty,Debit Card,13700,6,1,2024-08-19
1233,C0233,Female,34,Mumbai,Beauty,COD,42400,8,1,2024-08-20
1234,C0234,Female,57,Chennai,Electronics,Debit Card,42300,3,3,2024-08-21
1235,C0235,Male,48,Pune,Beauty,COD,18800,5,3,2024-08-22
1236,C0236,Female,51,Chennai,Fashion,,36600,2,4,2024-08-23
1237,C0237,Male,41,Chennai,Beauty,Credit Card,38000,2,,2024-08-24
1238,C0238,Male,52,Mumbai,Grocery,UPI,52500,7,5,2024-08-25
1239,C0239,Female,23,Bangalore,Home Decor,COD,58200,6,2,2024-08-26
1240,C0240,Male,36,Mumbai,Fashion,COD,19800,4,,2024-08-27
1241,C0241,,47,Pune,Grocery,Debit Card,10000,5,5,2024-08-28
1242,C0242,,24,Pune,Electronics,,2400,1,1,2024-08-29
1243,C0243,,27,Pune,Fashion,Debit Card,45200,7,,2024-08-30
1244,C0244,Male,58,Mumbai,Home Decor,Debit Card,17400,8,3,2024-08-31
1245,C0245,Male,49,Chennai,Home Decor,,38500,,4,2024-09-01
1246,C0246,,51,Chennai,Electronics,UPI,13600,8,5,2024-09-02
1247,C0247,Male,45,Delhi,Electronics,Debit Card,42800,5,4,2024-09-03
1248,C0248,,32,Pune,Fashion,Debit Card,2700,3,5,2024-09-04
1249,C0249,,47,Chennai,Beauty,COD,50500,,,2024-09-05
1250,C0250,Female,54,Delhi,Electronics,,18700,6,1,2024-09-06
1251,C0251,Male,46,Chennai,Beauty,Credit Card,8700,5,2,2024-09-07
1252,C0252,Male,39,Pune,Grocery,UPI,56900,3,4,2024-09-08
1253,C0253,Female,21,Bangalore,Home Decor,UPI,14600,6,4,2024-09-09
1254,C0254,Male,37,Pune,Beauty,,41400,3,2,2024-09-10
1255,C0255,Male,49,Mumbai,Home Decor,COD,22600,6,4,2024-09-11
1256,C0256,Female,53,Chennai,Beauty,COD,22200,4,4,2024-09-12
1257,C0257,,21,Chennai,Grocery,,18100,2,5,2024-09-13
1258,C0258,Female,44,Mumbai,Electronics,COD,43500,8,5,2024-09-14
1259,C0259,Female,34,Mumbai,Grocery,UPI,26700,4,2,2024-09-15
1260,C0260,Male,29,Bangalore,Electronics,UPI,43100,,1,2024-09-16
1261,C0261,Female,39,Chennai,Electronics,Credit Card,41800,7,,2024-09-17
1262,C0262,,34,Chennai,Home Decor,,45500,2,,2024-09-18
1263,C0263,Male,27,Bangalore,Grocery,Debit Card,19900,4,4,2024-09-19
1264,C0264,Female,18,Delhi,Beauty,Debit Card,55600,5,1,2024-09-20
1265,C0265,Female,39,Bangalore,Grocery,Credit Card,5500,3,2,2024-09-21
1266,C0266,Female,43,Pune,Home Decor,Credit Card,48200,,2,2024-09-22
1267,C0267,Female,35,Chennai,Electronics,COD,44500,5,5,2024-09-23
1268,C0268,Female,31,Mumbai,Home Decor,Credit Card,33200,2,4,2024-09-24
1269,C0269,Male,46,Pune,Fashion,Credit Card,25300,3,3,2024-09-25
1270,C0270,Male,29,Chennai,Fashion,Debit Card,12500,,2,2024-09-26
1271,C0271,Female,53,Bangalore,Beauty,COD,38900,7,4,2024-09-27
1272,C0272,Female,52,Pune,Home Decor,Credit Card,34100,2,1,2024-09-28
1273,C0273,Female,29,Chennai,Beauty,Credit Card,35000,,5,2024-09-29
1274,C0274,,24,Delhi,Beauty,COD,3100,4,,2024-09-30
1275,C0275,Female,46,Delhi,Fashion,,3700,,1,2024-10-01
1276,C0276,Female,28,Mumbai,Beauty,COD,52000,2,2,2024-10-02
1277,C0277,Female,50,Chennai,Fashion,Debit Card,39800,4,2,2024-10-03
1278,C0278,Female,23,Delhi,Electronics,,29600,5,1,2024-10-04
1279,C0279,Female,32,Bangalore,Home Decor,UPI,59100,2,2,2024-10-05
1280,C0280,Female,49,Chennai,Beauty,COD,35100,1,4,2024-10-06
1281,C0281,Female,28,Bangalore,Fashion,Debit Card,14900,7,2,2024-10-07
1282,C0282,Male,40,Bangalore,Grocery,,6900,1,5,2024-10-08
1283,C0283,Male,43,Delhi,Beauty,COD,52200,8,4,2024-10-09
1284,C0284,Male,51,Chennai,Electronics,Credit Card,12400,3,3,2024-10-10
1285,C0285,Female,51,Pune,Electronics,COD,34200,6,2,2024-10-11
1286,C0286,Male,46,Delhi,Grocery,UPI,17700,7,2,2024-10-12
1287,C0287,Female,21,Delhi,Fashion,COD,59900,1,5,2024-10-13
1288,C0288,Female,34,Chennai,Beauty,,45300,6,5,2024-10-14
1289,C0289,Male,52,Chennai,Fashion,,55900,7,,2024-10-15
1290,C0290,Female,30,Bangalore,Electronics,COD,13800,6,1,2024-10-16
1291,C0291,Male,58,Chennai,Fashion,,1800,4,1,2024-10-17
1292,C0292,Male,56,Bangalore,Electronics,Credit Card,33500,1,1,2024-10-18
1293,C0293,Female,32,Delhi,Fashion,COD,19700,,5,2024-10-19
1294,C0294,Male,46,Mumbai,Grocery,Credit Card,49800,4,1,2024-10-20
1295,C0295,Male,46,Pune,Home Decor,Credit Card,1100,7,1,2024-10-21
1296,C0296,Female,28,Delhi,Grocery,Debit Card,33600,7,3,2024-10-22
1297,C0297,Female,49,Chennai,Grocery,COD,33500,2,1,2024-10-23
1298,C0298,Male,19,Pune,Home Decor,,32900,1,2,2024-10-24
1299,C0299,Female,31,Mumbai,Home Decor,Credit Card,1700,8,,2024-10-25
1300,C0300,Male,37,Mumbai,Beauty,Debit Card,22800,8,5,2024-10-26
1301,C0301,Male,39,Bangalore,Beauty,COD,42700,7,4,2024-10-27
1302,C0302,Female,28,Pune,Grocery,COD,41000,8,,2024-10-28
1303,C0303,Female,44,Bangalore,Grocery,UPI,11500,3,3,2024-10-29
1304,C0304,Female,20,Delhi,Electronics,UPI,43000,2,5,2024-10-30
1305,C0305,Female,34,Pune,Electronics,Credit Card,300,7,5,2024-10-31
1306,C0306,,45,Delhi,Beauty,UPI,26800,8,2,2024-11-01
1307,C0307,Female,46,Bangalore,Beauty,Credit Card,49300,1,,2024-11-02
1308,C0308,Male,38,Pune,Electronics,,21000,,,2024-11-03
1309,C0309,Female,33,Bangalore,Electronics,Credit Card,37100,4,1,2024-11-04
1310,C0310,Male,54,Pune,Fashion,UPI,30800,4,2,2024-11-05
1311,C0311,Male,37,Bangalore,Fashion,,1400,3,1,2024-11-06
1312,C0312,Male,23,Mumbai,Electronics,UPI,34700,6,1,2024-11-07
1313,C0313,Male,36,Bangalore,Fashion,Credit Card,46700,1,5,2024-11-08
1314,C0314,,22,Mumbai,Home Decor,Debit Card,49600,6,,2024-11-09
1315,C0315,Female,20,Bangalore,Beauty,COD,37000,2,1,2024-11-10
1316,C0316,Female,18,Pune,Beauty,UPI,42200,,3,2024-11-11
1317,C0317,Male,55,Pune,Electronics,Credit Card,17300,2,3,2024-11-12
1318,C0318,Male,32,Pune,Grocery,,13600,7,,2024-11-13
1319,C0319,Male,51,Chennai,Electronics,UPI,42900,1,3,2024-11-14
1320,C0320,Male,52,Delhi,Fashion,UPI,2700,7,5,2024-11-15
1321,C0321,Female,42,Pune,Grocery,COD,53200,5,2,2024-11-16
1322,C0322,Female,41,Mumbai,Fashion,Credit Card,19200,8,4,2024-11-17
1323,C0323,Female,29,Pune,Home Decor,Debit Card,14300,4,1,2024-11-18
1324,C0324,Male,35,Chennai,Fashion,,55700,7,4,2024-11-19
1325,C0325,,32,Mumbai,Home Decor,Credit Card,31700,6,2,2024-11-20
1326,C0326,Female,33,Chennai,Home Decor,,44600,5,2,2024-11-21
1327,C0327,Female,44,Mumbai,Fashion,UPI,32100,4,5,2024-11-22
1328,C0328,Female,25,Bangalore,Fashion,COD,44300,7,3,2024-11-23
1329,C0329,Male,42,Delhi,Home Decor,COD,9400,5,3,2024-11-24
1330,C0330,Male,34,Delhi,Grocery,Debit Card,18100,5,2,2024-11-25
1331,C0331,Male,46,Chennai,Home Decor,COD,5800,1,5,2024-11-26
1332,C0332,Female,25,Delhi,Beauty,UPI,15700,2,5,2024-11-27
1333,C0333,Male,32,Chennai,Home Decor,Debit Card,11300,5,,2024-11-28
1334,C0334,Male,44,Chennai,Grocery,Credit Card,13900,3,1,2024-11-29
1335,C0335,Male,24,Chennai,Beauty,COD,23400,2,3,2024-11-30
1336,C0336,Male,20,Delhi,Electronics,Debit Card,47000,4,2,2024-12-01
1337,C0337,Female,46,Chennai,Electronics,UPI,48300,4,,2024-12-02
1338,C0338,Female,41,Delhi,Grocery,,7000,4,4,2024-12-03
1339,C0339,Female,20,Chennai,Home Decor,,25100,4,3,2024-12-04
1340,C0340,Male,37,Pune,Fashion,UPI,32500,3,1,2024-12-05
1341,C0341,Female,32,Chennai,Grocery,UPI,52000,7,5,2024-12-06
1342,C0342,Female,42,Mumbai,Beauty,,43400,,2,2024-12-07
1343,C0343,Male,47,Chennai,Beauty,Debit Card,48900,5,3,2024-12-08
1344,C0344,Male,31,Bangalore,Electronics,,43100,4,4,2024-12-09
1345,C0345,Male,24,Chennai,Beauty,UPI,27100,2,1,2024-12-10
1346,C0346,Female,34,Mumbai,Grocery,COD,53900,2,1,2024-12-11
1347,C0347,Female,37,Mumbai,Beauty,Credit Card,15000,5,,2024-12-12
1348,C0348,Male,53,Delhi,Grocery,COD,12000,7,3,2024-12-13
1349,C0349,Male,26,Pune,Fashion,COD,36900,,4,2024-12-14
1350,C0350,Female,55,Chennai,Electronics,UPI,6800,7,1,2024-12-15
1351,C0351,Female,39,Delhi,Beauty,,37200,5,2,2024-12-16
1352,C0352,Female,19,Pune,Grocery,Debit Card,17700,6,1,2024-12-17
1353,C0353,Female,41,Chennai,Home Decor,COD,59000,3,4,2024-12-18
1354,C0354,Male,25,Bangalore,Electronics,,49700,5,5,2024-12-19
1355,C0355,Male,28,Chennai,Fashion,Debit Card,11600,8,5,2024-12-20
1356,C0356,Female,30,Mumbai,Grocery,COD,11300,1,,2024-12-21
1357,C0357,Male,34,Mumbai,Fashion,Debit Card,44100,1,3,2024-12-22
1358,C0358,Female,25,Bangalore,Fashion,,14900,7,4,2024-12-23
1359,C0359,,38,Delhi,Beauty,Credit Card,3700,5,,2024-12-24
1360,C0360,Female,35,Pune,Beauty,,31100,5,1,2024-12-25
1361,C0361,Male,47,Chennai,Grocery,UPI,54000,1,1,2024-12-26
1362,C0362,Female,35,Mumbai,Home Decor,Debit Card,1600,,5,2024-12-27
1363,C0363,Female,48,Delhi,Grocery,Credit Card,37600,1,,2024-12-28
1364,C0364,Female,55,Bangalore,Home Decor,Debit Card,55900,5,5,2024-12-29
1365,C0365,,49,Mumbai,Fashion,Debit Card,43000,,2,2024-12-30
1366,C0366,Male,28,Bangalore,Electronics,COD,23500,4,5,2024-12-31
1367,C0367,,42,Chennai,Grocery,UPI,56500,8,2,2025-01-01
1368,C0368,,50,Pune,Grocery,Debit Card,44200,6,1,2025-01-02
1369,C0369,Male,55,Mumbai,Home Decor,,50400,3,,2025-01-03
1370,C0370,Male,58,Mumbai,Fashion,,27700,4,2,2025-01-04
1371,C0371,Male,25,Chennai,Fashion,COD,7800,2,,2025-01-05
1372,C0372,Male,28,Delhi,Home Decor,UPI,44100,1,,2025-01-06
1373,C0373,Male,39,Pune,Fashion,UPI,29100,8,2,2025-01-07
1374,C0374,Female,41,Mumbai,Beauty,,54200,1,3,2025-01-08
1375,C0375,Male,58,Pune,Electronics,Credit Card,25500,1,5,2025-01-09
1376,C0376,Male,34,Mumbai,Grocery,COD,12800,4,2,2025-01-10
1377,C0377,Female,29,Pune,Electronics,COD,17900,6,1,2025-01-11
1378,C0378,Male,49,Bangalore,Grocery,,3900,,,2025-01-12
1379,C0379,Female,32,Mumbai,Beauty,,41200,1,4,2025-01-13
1380,C0380,Male,33,Pune,Fashion,Credit Card,12900,7,2,2025-01-14
1381,C0381,Male,39,Delhi,Home Decor,Credit Card,48500,5,5,2025-01-15
1382,C0382,Female,45,Bangalore,Beauty,UPI,17000,8,,2025-01-16
1383,C0383,Female,37,Bangalore,Electronics,COD,59400,7,3,2025-01-17
1384,C0384,Female,50,Delhi,Home Decor,COD,29600,4,1,2025-01-18
1385,C0385,Female,27,Pune,Fashion,,34500,4,3,2025-01-19
1386,C0386,Female,57,Chennai,Beauty,UPI,31200,6,4,2025-01-20
1387,C0387,Male,49,Delhi,Home Decor,COD,53000,6,2,2025-01-21
1388,C0388,Male,50,Pune,Beauty,UPI,54200,,,2025-01-22
1389,C0389,Female,19,Delhi,Beauty,UPI,42100,5,2,2025-01-23
1390,C0390,Female,50,Delhi,Fashion,,44600,8,5,2025-01-24
1391,C0391,,50,Mumbai,Grocery,UPI,56000,5,2,2025-01-25
1392,C0392,Male,58,Pune,Home Decor,Credit Card,23800,2,1,2025-01-26
1393,C0393,Male,30,Chennai,Fashion,Credit Card,44100,6,4,2025-01-27
1394,C0394,Female,47,Mumbai,Beauty,Debit Card,21600,,3,2025-01-28
1395,C0395,Male,50,Delhi,Fashion,,8700,3,4,2025-01-29
1396,C0396,,30,Delhi,Grocery,Debit Card,8700,1,,2025-01-30
1397,C0397,Female,43,Delhi,Home Decor,Credit Card,49100,1,2,2025-01-31
1398,C0398,Male,39,Pune,Grocery,Debit Card,6700,3,,2025-02-01
1399,C0399,Female,56,Pune,Electronics,,6600,5,3,2025-02-02
1400,C0400,Female,19,Mumbai,Home Decor,,34500,3,,2025-02-03
1401,C0401,Male,55,Chennai,Grocery,UPI,35400,,5,2025-02-04
1402,C0402,,56,Mumbai,Beauty,COD,16000,8,4,2025-02-05
1403,C0403,Female,43,Bangalore,Home Decor,UPI,59100,3,3,2025-02-06
1404,C0404,Female,32,Delhi,Home Decor,,49300,,3,2025-02-07
1405,C0405,Male,51,Delhi,Fashion,Credit Card,46500,6,3,2025-02-08
1406,C0406,Female,59,Delhi,Beauty,Credit Card,22700,7,1,2025-02-09
1407,C0407,Male,57,Mumbai,Electronics,UPI,31500,4,4,2025-02-10
1408,C0408,Male,28,Mumbai,Grocery,,46800,4,,2025-02-11
1409,C0409,,20,Delhi,Fashion,Credit Card,9000,2,3,2025-02-12
1410,C0410,Male,23,Mumbai,Grocery,,30500,5,4,2025-02-13
1411,C0411,Male,26,Pune,Electronics,Credit Card,43700,8,3,2025-02-14
1412,C0412,,23,Pune,Electronics,,13700,7,5,2025-02-15
1413,C0413,,26,Mumbai,Home Decor,Debit Card,5200,7,5,2025-02-16
1414,C0414,Female,56,Delhi,Electronics,,43400,6,5,2025-02-17
1415,C0415,Female,48,Mumbai,Grocery,,34200,3,2,2025-02-18
1416,C0416,Male,49,Mumbai,Beauty,UPI,34900,5,3,2025-02-19
1417,C0417,Male,58,Mumbai,Beauty,Debit Card,34900,1,2,2025-02-20
1418,C0418,Male,29,Bangalore,Home Decor,COD,24700,7,4,2025-02-21
1419,C0419,Female,25,Pune,Grocery,UPI,11100,,2,2025-02-22
1420,C0420,Female,25,Chennai,Grocery,COD,53500,1,4,2025-02-23
1421,C0421,Female,45,Chennai,Electronics,Credit Card,9200,2,4,2025-02-24
1422,C0422,Female,37,Bangalore,Grocery,COD,29800,3,4,2025-02-25
1423,C0423,Male,24,Mumbai,Fashion,,11400,3,,2025-02-26
1424,C0424,Female,28,Bangalore,Electronics,COD,59100,8,2,2025-02-27
1425,C0425,Male,37,Bangalore,Fashion,UPI,17900,7,,2025-02-28
1426,C0426,Female,33,Delhi,Home Decor,UPI,34500,6,3,2025-03-01
1427,C0427,Male,21,Pune,Beauty,COD,10300,4,2,2025-03-02
1428,C0428,Female,23,Chennai,Home Decor,UPI,40300,,3,2025-03-03
1429,C0429,Male,39,Mumbai,Beauty,UPI,3000,1,3,2025-03-04
1430,C0430,Male,43,Chennai,Home Decor,COD,53900,2,4,2025-03-05
1431,C0431,Male,20,Chennai,Grocery,Debit Card,6000,4,2,2025-03-06
1432,C0432,Female,58,Pune,Fashion,Debit Card,50000,3,3,2025-03-07
1433,C0433,Female,59,Chennai,Beauty,Credit Card,29900,1,5,2025-03-08
1434,C0434,Male,31,Chennai,Electronics,UPI,13600,5,3,2025-03-09
1435,C0435,Male,28,Bangalore,Fashion,COD,33300,7,5,2025-03-10
1436,C0436,Female,35,Pune,Electronics,UPI,25100,2,2,2025-03-11
1437,C0437,Male,29,Delhi,Fashion,,55200,5,,2025-03-12
1438,C0438,Female,40,Mumbai,Fashion,UPI,7700,6,2,2025-03-13
1439,C0439,Female,29,Chennai,Home Decor,UPI,17000,7,,2025-03-14
1440,C0440,Male,30,Mumbai,Beauty,Debit Card,50500,1,,2025-03-15
1441,C0441,Male,42,Delhi,Beauty,COD,35700,7,2,2025-03-16
1442,C0442,,36,Mumbai,Fashion,UPI,22700,4,3,2025-03-17
1443,C0443,Male,53,Delhi,Grocery,Debit Card,53300,8,1,2025-03-18
1444,C0444,Male,25,Bangalore,Grocery,Credit Card,14800,4,3,2025-03-19
1445,C0445,Female,46,Chennai,Electronics,Debit Card,24300,6,3,2025-03-20
1446,C0446,,49,Delhi,Electronics,Debit Card,34600,,4,2025-03-21
1447,C0447,,35,Mumbai,Home Decor,Debit Card,3700,5,4,2025-03-22
1448,C0448,Female,23,Chennai,Fashion,UPI,300,4,3,2025-03-23
1449,C0449,Male,35,Bangalore,Electronics,UPI,15500,8,5,2025-03-24
1450,C0450,Male,36,Chennai,Electronics,Credit Card,43100,,,2025-03-25
1451,C0451,Female,39,Delhi,Fashion,,51000,4,4,2025-03-26
1452,C0452,Female,54,Bangalore,Home Decor,,12800,3,3,2025-03-27
1453,C0453,Male,49,Mumbai,Electronics,,49300,8,1,2025-03-28
1454,C0454,,58,Bangalore,Home Decor,Credit Card,48400,5,5,2025-03-29
1455,C0455,Male,20,Bangalore,Beauty,,34700,2,2,2025-03-30
1456,C0456,Female,45,Pune,Home Decor,,22300,,3,2025-03-31
1457,C0457,Male,27,Bangalore,Grocery,Debit Card,2700,3,3,2025-04-01
1458,C0458,Female,52,Bangalore,Grocery,UPI,53000,2,,2025-04-02
1459,C0459,Male,46,Chennai,Home Decor,UPI,18400,1,5,2025-04-03
1460,C0460,Male,32,Mumbai,Grocery,Debit Card,50100,8,4,2025-04-04
1461,C0461,Male,50,Chennai,Beauty,Debit Card,4400,3,4,2025-04-05
1462,C0462,Female,24,Chennai,Fashion,Debit Card,48300,7,4,2025-04-06
1463,C0463,Female,29,Delhi,Grocery,UPI,44100,1,2,2025-04-07
1464,C0464,Female,47,Chennai,Grocery,,40400,1,5,2025-04-08
1465,C0465,,38,Pune,Home Decor,Debit Card,54800,,5,2025-04-09
1466,C0466,Male,48,Pune,Beauty,Credit Card,34700,8,4,2025-04-10
1467,C0467,Male,41,Delhi,Fashion,Debit Card,4700,3,4,2025-04-11
1468,C0468,Female,37,Mumbai,Home Decor,COD,2300,6,,2025-04-12
1469,C0469,Male,54,Mumbai,Home Decor,Debit Card,7200,3,1,2025-04-13
1470,C0470,,21,Chennai,Beauty,UPI,5000,4,1,2025-04-14
1471,C0471,Male,45,Chennai,Fashion,Debit Card,49300,1,3,2025-04-15
1472,C0472,,37,Chennai,Beauty,COD,55300,5,3,2025-04-16
1473,C0473,Male,41,Mumbai,Fashion,Credit Card,28900,1,5,2025-04-17
1474,C0474,Female,49,Bangalore,Beauty,,1200,1,5,2025-04-18
1475,C0475,Female,58,Pune,Home Decor,Debit Card,54400,7,2,2025-04-19
1476,C0476,,53,Bangalore,Home Decor,COD,27600,6,2,2025-04-20
1477,C0477,Male,51,Bangalore,Electronics,COD,38300,2,1,2025-04-21
1478,C0478,Female,53,Mumbai,Grocery,Credit Card,33100,2,3,2025-04-22
1479,C0479,,19,Bangalore,Beauty,UPI,48100,7,1,2025-04-23
1480,C0480,Female,32,Delhi,Electronics,Debit Card,1700,1,1,2025-04-24
1481,C0481,Female,51,Chennai,Grocery,COD,51800,2,3,2025-04-25
1482,C0482,Female,53,Delhi,Beauty,Credit Card,19300,8,2,2025-04-26
1483,C0483,Female,23,Pune,Fashion,,17000,6,,2025-04-27
1484,C0484,Female,56,Chennai,Grocery,COD,52300,2,,2025-04-28
1485,C0485,Female,59,Bangalore,Home Decor,Credit Card,13900,7,,2025-04-29
1486,C0486,,29,Pune,Electronics,UPI,15600,4,3,2025-04-30
1487,C0487,Male,20,Chennai,Grocery,UPI,39000,2,4,2025-05-01
1488,C0488,Male,35,Bangalore,Grocery,COD,21100,6,4,2025-05-02
1489,C0489,,57,Delhi,Home Decor,COD,27400,,4,2025-05-03
1490,C0490,Female,38,Chennai,Beauty,Debit Card,14500,,5,2025-05-04
1491,C0491,Female,32,Bangalore,Fashion,Credit Card,7100,8,2,2025-05-05
1492,C0492,Female,50,Delhi,Home Decor,COD,24900,3,2,2025-05-06
1493,C0493,Male,52,Pune,Fashion,Debit Card,26300,3,5,2025-05-07
1494,C0494,Male,43,Pune,Beauty,Debit Card,8100,2,1,2025-05-08
1495,C0495,Female,25,Pune,Grocery,COD,52700,5,,2025-05-09
1496,C0496,Male,53,Pune,Fashion,UPI,33200,4,4,2025-05-10
1497,C0497,Female,47,Mumbai,Electronics,Credit Card,19100,7,,2025-05-11
1498,C0498,Male,40,Chennai,Electronics,Credit Card,9700,4,4,2025-05-12
1499,C0499,,59,Chennai,Home Decor,UPI,1000,,,2025-05-13
1500,C0500,,31,Mumbai,Beauty,COD,6900,2,1,2025-05-14
1501,C0501,Female,31,Bangalore,Home Decor,Credit Card,49800,6,,2025-05-15
1502,C0502,Female,19,Bangalore,Home Decor,COD,19300,7,,2025-05-16
1503,C0503,Male,54,Pune,Home Decor,COD,36800,4,3,2025-05-17
1504,C0504,Female,22,Delhi,Electronics,Debit Card,52300,6,,2025-05-18
1505,C0505,Female,55,Bangalore,Electronics,UPI,11900,7,3,2025-05-19
1506,C0506,Male,58,Delhi,Home Decor,COD,26900,4,2,2025-05-20
1507,C0507,,31,Chennai,Electronics,,48700,8,5,2025-05-21
1508,C0508,Female,56,Delhi,Beauty,UPI,51100,,,2025-05-22
1509,C0509,,42,Chennai,Home Decor,Credit Card,30000,1,2,2025-05-23
1510,C0510,Female,37,Mumbai,Electronics,Debit Card,16600,7,3,2025-05-24
1511,C0511,Female,19,Mumbai,Fashion,Credit Card,37800,,,2025-05-25
1512,C0512,Male,56,Pune,Home Decor,Credit Card,27000,5,,2025-05-26
1513,C0513,,23,Bangalore,Home Decor,UPI,55100,2,1,2025-05-27
1514,C0514,Female,34,Pune,Beauty,Credit Card,7600,6,2,2025-05-28
1515,C0515,Male,42,Chennai,Grocery,COD,51000,7,4,2025-05-29
1516,C0516,Male,45,Pune,Grocery,Credit Card,7500,2,4,2025-05-30
1517,C0517,Male,19,Delhi,Beauty,Debit Card,31000,2,1,2025-05-31
1518,C0518,Female,52,Chennai,Beauty,Debit Card,20100,1,3,2025-06-01
1519,C0519,,54,Mumbai,Beauty,,13200,4,4,2025-06-02
1520,C0520,Male,22,Bangalore,Grocery,Debit Card,57400,7,4,2025-06-03
1521,C0521,Female,18,Chennai,Beauty,Credit Card,48900,,5,2025-06-04
1522,C0522,Male,57,Chennai,Electronics,Debit Card,15300,3,2,2025-06-05
1523,C0523,,29,Delhi,Home Decor,UPI,20800,7,3,2025-06-06
1524,C0524,Female,53,Bangalore,Home Decor,Debit Card,18100,7,,2025-06-07
1525,C0525,Female,40,Mumbai,Fashion,COD,19900,7,2,2025-06-08
1526,C0526,Female,48,Chennai,Fashion,UPI,9100,2,3,2025-06-09
1527,C0527,Male,28,Chennai,Home Decor,,43600,6,4,2025-06-10
1528,C0528,Male,27,Delhi,Electronics,COD,18500,2,5,2025-06-11
1529,C0529,Male,20,Pune,Grocery,Credit Card,21100,6,2,2025-06-12
1530,C0530,Female,31,Mumbai,Grocery,Credit Card,49500,3,4,2025-06-13
1531,C0531,Female,33,Bangalore,Electronics,Credit Card,13200,2,3,2025-06-14
1532,C0532,,27,Chennai,Grocery,COD,1500,6,2,2025-06-15
1533,C0533,,46,Chennai,Beauty,COD,10800,2,,2025-06-16
1534,C0534,Female,27,Mumbai,Home Decor,COD,37700,5,2,2025-06-17
1535,C0535,Female,29,Pune,Home Decor,UPI,58400,2,4,2025-06-18
1536,C0536,,47,Chennai,Electronics,UPI,10100,3,2,2025-06-19
1537,C0537,Female,58,Mumbai,Grocery,Credit Card,59600,3,,2025-06-20
1538,C0538,Male,18,Delhi,Fashion,Debit Card,58900,6,5,2025-06-21
1539,C0539,Female,22,Pune,Fashion,Credit Card,19400,6,5,2025-06-22
1540,C0540,Male,37,Bangalore,Grocery,,32700,3,4,2025-06-23
1541,C0541,,25,Chennai,Fashion,UPI,46900,3,3,2025-06-24
1542,C0542,Female,,Mumbai,Electronics,COD,36900,1,4,2025-06-25
1543,C0543,Male,29,Delhi,Electronics,UPI,32000,7,5,2025-06-26
1544,C0544,Female,18,Bangalore,Grocery,COD,14600,8,1,2025-06-27
1545,C0545,Female,37,Mumbai,Fashion,,38600,2,1,2025-06-28
1546,C0546,Male,45,Mumbai,Electronics,,21800,4,2,2025-06-29
1547,C0547,Male,,Bangalore,Electronics,UPI,36300,7,,2025-06-30
1548,C0548,Female,54,Delhi,Beauty,COD,32600,8,2,2025-07-01
1549,C0549,Female,54,Delhi,Beauty,,1700,1,1,2025-07-02
1550,C0550,Female,29,Pune,Electronics,Credit Card,21900,4,5,2025-07-03
1551,C0551,Female,54,Chennai,Grocery,Credit Card,49400,6,2,2025-07-04
1552,C0552,Female,45,Bangalore,Home Decor,COD,54900,3,4,2025-07-05
1553,C0553,Female,32,Bangalore,Home Decor,UPI,18500,5,,2025-07-06
1554,C0554,Female,23,Bangalore,Electronics,,27200,,4,2025-07-07
1555,C0555,Female,37,Delhi,Electronics,UPI,46900,3,,2025-07-08
1556,C0556,Male,31,Chennai,Electronics,Credit Card,52100,5,5,2025-07-09
1557,C0557,Male,19,Pune,Grocery,,54400,8,2,2025-07-10
1558,C0558,Male,26,Mumbai,Beauty,UPI,46900,6,,2025-07-11
1559,C0559,Female,54,Mumbai,Electronics,Debit Card,30700,4,4,2025-07-12
1560,C0560,Female,37,Bangalore,Electronics,COD,14600,8,2,2025-07-13
1561,C0561,Female,43,Chennai,Fashion,COD,11300,3,2,2025-07-14
1562,C0562,Male,46,Delhi,Grocery,Debit Card,23400,3,4,2025-07-15
1563,C0563,Male,18,Chennai,Electronics,Credit Card,58600,4,1,2025-07-16
1564,C0564,Male,52,Chennai,Fashion,,59400,,,2025-07-17
1565,C0565,Male,23,Delhi,Home Decor,COD,50200,5,4,2025-07-18
1566,C0566,Female,54,Bangalore,Electronics,Debit Card,59700,8,5,2025-07-19
1567,C0567,Male,22,Chennai,Electronics,Debit Card,55600,6,3,2025-07-20
1568,C0568,Male,50,Mumbai,Fashion,Credit Card,27500,3,4,2025-07-21
1569,C0569,,31,Delhi,Grocery,Credit Card,17500,8,2,2025-07-22
1570,C0570,Male,29,Pune,Electronics,UPI,900,,2,2025-07-23
1571,C0571,Female,59,Bangalore,Home Decor,COD,15700,8,4,2025-07-24
1572,C0572,Female,37,Delhi,Electronics,UPI,52400,4,3,2025-07-25
1573,C0573,Male,41,Pune,Home Decor,Debit Card,54800,6,4,2025-07-26
1574,C0574,Female,,Pune,Beauty,,55000,1,3,2025-07-27
1575,C0575,Female,51,Chennai,Beauty,,52000,4,3,2025-07-28
1576,C0576,,42,Chennai,Home Decor,Credit Card,21700,8,5,2025-07-29
1577,C0577,Male,46,Chennai,Grocery,,13600,1,,2025-07-30
1578,C0578,,56,Delhi,Electronics,,28700,3,2,2025-07-31
1579,C0579,Female,48,Delhi,Electronics,,12800,1,2,2025-08-01
1580,C0580,Male,,Bangalore,Beauty,Debit Card,44100,,3,2025-08-02
1581,C0581,Female,40,Chennai,Home Decor,,15400,2,2,2025-08-03
1582,C0582,,55,Pune,Electronics,,33300,,1,2025-08-04
1583,C0583,Female,37,Mumbai,Electronics,,54000,4,3,2025-08-05
1584,C0584,Male,40,Bangalore,Grocery,UPI,38500,2,2,2025-08-06
1585,C0585,Female,33,Delhi,Fashion,Debit Card,11700,4,1,2025-08-07
1586,C0586,Male,59,Bangalore,Beauty,Credit Card,48400,6,5,2025-08-08
1587,C0587,Male,25,Bangalore,Beauty,UPI,28600,7,2,2025-08-09
1588,C0588,Male,38,Bangalore,Fashion,COD,7700,3,1,2025-08-10
1589,C0589,Male,18,Bangalore,Electronics,Debit Card,16800,3,4,2025-08-11
1590,C0590,Male,25,Mumbai,Grocery,Debit Card,19100,8,,2025-08-12
1591,C0591,Male,46,Chennai,Grocery,COD,8000,5,4,2025-08-13
1592,C0592,Female,49,Pune,Beauty,COD,2300,4,1,2025-08-14
1593,C0593,Male,55,Bangalore,Grocery,COD,56800,7,3,2025-08-15
1594,C0594,Male,22,Bangalore,Fashion,Credit Card,18600,7,3,2025-08-16
1595,C0595,Female,39,Bangalore,Electronics,,22400,,2,2025-08-17
1596,C0596,Female,51,Chennai,Fashion,Debit Card,33000,,4,2025-08-18
1597,C0597,Female,18,Delhi,Home Decor,,18100,5,3,2025-08-19
1598,C0598,Male,43,Delhi,Beauty,,11400,8,3,2025-08-20
1599,C0599,Male,,Mumbai,Grocery,COD,6100,1,4,2025-08-21
1600,C0600,Male,27,Delhi,Home Decor,Credit Card,32900,,5,2025-08-22
1601,C0601,Male,47,Bangalore,Grocery,UPI,19300,8,3,2025-08-23
1602,C0602,Male,35,Bangalore,Electronics,Credit Card,20200,6,,2025-08-24
1603,C0603,Male,34,Bangalore,Electronics,,31400,3,1,2025-08-25
1604,C0604,Male,43,Mumbai,Electronics,Credit Card,3700,3,2,2025-08-26
1605,C0605,Male,25,Bangalore,Grocery,COD,38100,8,3,2025-08-27
1606,C0606,Female,57,Delhi,Home Decor,UPI,38900,5,,2025-08-28
1607,C0607,Male,29,Chennai,Electronics,COD,23900,7,,2025-08-29
1608,C0608,Male,44,Chennai,Home Decor,UPI,52100,5,3,2025-08-30
1609,C0609,Female,25,Pune,Grocery,,28500,8,5,2025-08-31
1610,C0610,Female,42,Delhi,Home Decor,UPI,300,4,1,2025-09-01
1611,C0611,Male,21,Bangalore,Grocery,UPI,46600,2,2,2025-09-02
1612,C0612,Female,50,Chennai,Grocery,UPI,23200,3,3,2025-09-03
1613,C0613,Female,18,Delhi,Beauty,Credit Card,17400,8,2,2025-09-04
1614,C0614,Male,36,Chennai,Grocery,Credit Card,8900,7,4,2025-09-05
1615,C0615,Female,48,Bangalore,Grocery,,55500,2,,2025-09-06
1616,C0616,,33,Chennai,Fashion,UPI,12500,6,,2025-09-07
1617,C0617,Male,31,Pune,Electronics,Debit Card,30000,,3,2025-09-08
1618,C0618,Male,22,Pune,Beauty,,57700,4,3,2025-09-09
1619,C0619,Female,58,Chennai,Beauty,UPI,48600,,4,2025-09-10
1620,C0620,Female,43,Delhi,Beauty,UPI,16700,2,5,2025-09-11
1621,C0621,Male,45,Delhi,Fashion,Credit Card,38500,2,3,2025-09-12
1622,C0622,Male,19,Delhi,Grocery,,21100,,,2025-09-13
1623,C0623,Male,23,Chennai,Electronics,UPI,43400,7,2,2025-09-14
1624,C0624,Female,26,Delhi,Home Decor,UPI,39100,7,1,2025-09-15
1625,C0625,Female,50,Bangalore,Grocery,,56200,1,2,2025-09-16
1626,C0626,Male,58,Pune,Fashion,Debit Card,22600,6,5,2025-09-17
1627,C0627,Female,42,Bangalore,Grocery,,500,7,1,2025-09-18
1628,C0628,Female,30,Delhi,Grocery,,37400,6,2,2025-09-19
1629,C0629,Male,26,Bangalore,Fashion,Debit Card,44800,6,2,2025-09-20
1630,C0630,Male,30,Delhi,Beauty,,11800,2,4,2025-09-21
1631,C0631,Female,48,Chennai,Beauty,UPI,27200,6,5,2025-09-22
1632,C0632,Female,58,Bangalore,Electronics,,44900,4,,2025-09-23
1633,C0633,Female,28,Chennai,Electronics,Debit Card,37000,,4,2025-09-24
1634,C0634,Female,21,Chennai,Beauty,COD,25500,1,1,2025-09-25
1635,C0635,Male,51,Mumbai,Home Decor,,31900,8,,2025-09-26
1636,C0636,Male,55,Delhi,Grocery,Credit Card,41700,5,4,2025-09-27
1637,C0637,Female,21,Pune,Home Decor,UPI,9700,1,5,2025-09-28
1638,C0638,Male,55,Delhi,Grocery,UPI,2600,4,3,2025-09-29
1639,C0639,Male,36,Pune,Beauty,Credit Card,5200,1,3,2025-09-30
1640,C0640,Male,23,Delhi,Electronics,Credit Card,50400,6,1,2025-10-01
1641,C0641,Male,51,Chennai,Electronics,,50000,2,3,2025-10-02
1642,C0642,Male,35,Bangalore,Home Decor,Credit Card,33700,5,4,2025-10-03
1643,C0643,Male,30,Bangalore,Electronics,COD,8100,7,1,2025-10-04
1644,C0644,Male,58,Mumbai,Beauty,Debit Card,58400,2,,2025-10-05
1645,C0645,Male,40,Pune,Home Decor,Credit Card,2900,6,5,2025-10-06
1646,C0646,Female,36,Pune,Grocery,Credit Card,27300,6,1,2025-10-07
1647,C0647,Female,28,Pune,Electronics,COD,56400,5,,2025-10-08
1648,C0648,Female,18,Chennai,Fashion,UPI,24900,5,1,2025-10-09
1649,C0649,Female,41,Pune,Electronics,UPI,59300,3,2,2025-10-10
1650,C0650,Female,24,Bangalore,Grocery,,38900,2,2,2025-10-11
1651,C0651,Male,42,Chennai,Home Decor,COD,56100,7,1,2025-10-12
1652,C0652,Female,38,Delhi,Grocery,Debit Card,36300,1,3,2025-10-13
1653,C0653,Female,32,Pune,Fashion,Debit Card,49000,6,2,2025-10-14
1654,C0654,Female,18,Pune,Beauty,COD,35400,6,5,2025-10-15
1655,C0655,Male,29,Delhi,Electronics,Debit Card,25800,3,,2025-10-16
1656,C0656,Male,24,Pune,Home Decor,UPI,22400,2,4,2025-10-17
1657,C0657,Male,32,Delhi,Beauty,Debit Card,300,2,2,2025-10-18
1658,C0658,Male,38,Chennai,Grocery,Debit Card,54800,,1,2025-10-19
1659,C0659,Female,36,Bangalore,Home Decor,COD,44800,5,3,2025-10-20
1660,C0660,Female,46,Delhi,Beauty,COD,8100,7,4,2025-10-21
1661,C0661,Male,42,Mumbai,Home Decor,Debit Card,23800,5,,2025-10-22
1662,C0662,,50,Delhi,Fashion,Credit Card,33600,7,,2025-10-23
1663,C0663,Female,49,Pune,Fashion,COD,35100,4,2,2025-10-24
1664,C0664,Male,52,Chennai,Electronics,,10000,8,,2025-10-25
1665,C0665,Male,55,Chennai,Electronics,,8400,7,,2025-10-26
1666,C0666,Male,43,Delhi,Fashion,UPI,50400,5,3,2025-10-27
1667,C0667,Male,28,Bangalore,Home Decor,Debit Card,47900,6,3,2025-10-28
1668,C0668,Male,52,Mumbai,Fashion,Credit Card,55200,5,3,2025-10-29
1669,C0669,Male,25,Chennai,Electronics,UPI,1600,7,1,2025-10-30
1670,C0670,Male,31,Pune,Fashion,Debit Card,39400,2,,2025-10-31
1671,C0671,Male,27,Pune,Fashion,COD,34900,5,,2025-11-01
1672,C0672,Female,19,Bangalore,Home Decor,,31200,3,,2025-11-02
1673,C0673,Male,26,Chennai,Beauty,Credit Card,38800,,5,2025-11-03
1674,C0674,Female,20,Delhi,Electronics,,21100,6,3,2025-11-04
1675,C0675,Male,38,Pune,Home Decor,COD,35900,3,4,2025-11-05
1676,C0676,,43,Bangalore,Fashion,Debit Card,57000,7,2,2025-11-06
1677,C0677,Male,25,Chennai,Fashion,COD,9600,4,4,2025-11-07
1678,C0678,Male,19,Chennai,Beauty,COD,9500,3,1,2025-11-08
1679,C0679,,23,Chennai,Electronics,,34200,8,1,2025-11-09
1680,C0680,Female,45,Chennai,Electronics,Credit Card,59900,4,,2025-11-10
1681,C0681,Female,46,Chennai,Grocery,COD,44700,1,4,2025-11-11
1682,C0682,Male,43,Pune,Electronics,,2400,6,,2025-11-12
1683,C0683,Male,42,Bangalore,Beauty,Credit Card,29300,1,5,2025-11-13
1684,C0684,Female,29,Chennai,Grocery,Debit Card,48700,5,1,2025-11-14
1685,C0685,,22,Mumbai,Grocery,Debit Card,30800,7,1,2025-11-15
1686,C0686,Female,51,Mumbai,Fashion,UPI,13000,6,4,2025-11-16
1687,C0687,Female,54,Bangalore,Fashion,,27500,2,1,2025-11-17
1688,C0688,Male,32,Delhi,Electronics,Credit Card,44400,4,5,2025-11-18
1689,C0689,Female,53,Delhi,Grocery,COD,50500,2,5,2025-11-19
1690,C0690,Male,32,Delhi,Fashion,Debit Card,13200,1,5,2025-11-20
1691,C0691,Male,,Mumbai,Beauty,Credit Card,13400,3,2,2025-11-21
1692,C0692,Male,40,Delhi,Fashion,,59900,3,5,2025-11-22
1693,C0693,Female,23,Pune,Fashion,UPI,48400,7,5,2025-11-23
1694,C0694,Male,,Chennai,Grocery,Debit Card,39200,1,2,2025-11-24
1695,C0695,Male,38,Mumbai,Grocery,Credit Card,59500,,,2025-11-25
1696,C0696,Female,40,Bangalore,Home Decor,Credit Card,32700,6,3,2025-11-26
1697,C0697,Male,,Bangalore,Beauty,Credit Card,7100,4,1,2025-11-27
1698,C0698,Female,33,Chennai,Grocery,,45000,3,5,2025-11-28
1699,C0699,Male,32,Mumbai,Electronics,,53000,3,1,2025-11-29
1700,C0700,Female,42,Delhi,Beauty,,16700,2,4,2025-11-30
1701,C0701,Female,53,Delhi,Beauty,COD,49000,2,1,2025-12-01
1702,C0702,Male,28,Pune,Grocery,Credit Card,42800,5,,2025-12-02
1703,C0703,Male,32,Pune,Beauty,Debit Card,26700,,2,2025-12-03
1704,C0704,Male,21,Delhi,Grocery,,34400,2,1,2025-12-04
1705,C0705,Male,38,Bangalore,Fashion,,28000,2,1,2025-12-05
1706,C0706,,30,Bangalore,Home Decor,Credit Card,44100,6,1,2025-12-06
1707,C0707,Male,39,Pune,Fashion,,15900,2,3,2025-12-07
1708,C0708,Female,36,Chennai,Grocery,COD,42400,4,3,2025-12-08
1709,C0709,Male,51,Delhi,Grocery,COD,25300,6,4,2025-12-09
1710,C0710,Female,31,Pune,Fashion,,53200,5,2,2025-12-10
1711,C0711,Female,21,Pune,Electronics,Credit Card,32900,1,1,2025-12-11
1712,C0712,Female,44,Delhi,Electronics,Credit Card,9900,6,1,2025-12-12
1713,C0713,Female,46,Delhi,Electronics,Credit Card,51500,1,1,2025-12-13
1714,C0714,Male,45,Bangalore,Grocery,UPI,21800,3,1,2025-12-14
1715,C0715,Male,52,Chennai,Beauty,,13400,5,3,2025-12-15
1716,C0716,,25,Chennai,Grocery,Credit Card,26200,5,,2025-12-16
1717,C0717,Female,33,Delhi,Beauty,COD,12700,6,,2025-12-17
1718,C0718,,59,Mumbai,Fashion,Debit Card,8400,8,4,2025-12-18
1719,C0719,Male,53,Pune,Home Decor,Debit Card,28500,5,5,2025-12-19
1720,C0720,Female,47,Pune,Beauty,Credit Card,6100,1,2,2025-12-20
1721,C0721,,35,Delhi,Electronics,Debit Card,54600,5,,2025-12-21
1722,C0722,Male,19,Mumbai,Grocery,Debit Card,16300,3,1,2025-12-22
1723,C0723,Male,30,Bangalore,Fashion,UPI,28600,4,,2025-12-23
1724,C0724,Female,21,Delhi,Electronics,COD,10800,8,4,2025-12-24
1725,C0725,Female,43,Delhi,Fashion,COD,10700,7,5,2025-12-25
1726,C0726,Female,42,Pune,Home Decor,UPI,44100,5,,2025-12-26
1727,C0727,Male,47,Delhi,Grocery,UPI,23000,2,4,2025-12-27
1728,C0728,Female,28,Delhi,Grocery,Debit Card,58400,6,3,2025-12-28
1729,C0729,Male,24,Delhi,Home Decor,,32000,6,5,2025-12-29
1730,C0730,Male,48,Pune,Grocery,Debit Card,46600,6,4,2025-12-30
1731,C0731,Male,27,Bangalore,Beauty,UPI,47400,,,2025-12-31
1732,C0732,Female,56,Bangalore,Fashion,COD,5800,8,3,2026-01-01
1733,C0733,Female,30,Delhi,Electronics,Debit Card,1500,8,4,2026-01-02
1734,C0734,Female,48,Pune,Home Decor,,44200,1,4,2026-01-03
1735,C0735,Male,24,Bangalore,Beauty,Debit Card,2000,5,,2026-01-04
1736,C0736,Female,59,Bangalore,Electronics,Credit Card,11500,7,5,2026-01-05
1737,C0737,Male,59,Bangalore,Electronics,Debit Card,23100,6,3,2026-01-06
1738,C0738,Female,53,Pune,Home Decor,UPI,17300,5,1,2026-01-07
1739,C0739,Male,37,Pune,Beauty,COD,29700,8,2,2026-01-08
1740,C0740,Male,21,Delhi,Electronics,COD,19100,3,5,2026-01-09
1741,C0741,Female,24,Chennai,Electronics,UPI,42800,6,3,2026-01-10
1742,C0742,Male,18,Bangalore,Beauty,Credit Card,8100,5,4,2026-01-11
1743,C0743,Female,59,Chennai,Grocery,UPI,18400,8,3,2026-01-12
1744,C0744,Female,30,Pune,Electronics,Debit Card,50100,4,2,2026-01-13
1745,C0745,Male,39,Pune,Fashion,UPI,7300,8,,2026-01-14
1746,C0746,Female,38,Pune,Beauty,UPI,25000,2,2,2026-01-15
1747,C0747,Male,39,Chennai,Electronics,Credit Card,14800,,1,2026-01-16
1748,C0748,Female,45,Pune,Home Decor,Debit Card,29800,,1,2026-01-17
1749,C0749,,26,Delhi,Fashion,,58400,6,2,2026-01-18
1750,C0750,Female,43,Pune,Electronics,,47200,4,5,2026-01-19
1751,C0751,Male,26,Mumbai,Fashion,COD,50800,4,5,2026-01-20
1752,C0752,,32,Chennai,Fashion,UPI,19500,6,4,2026-01-21
1753,C0753,Female,27,Mumbai,Grocery,COD,7000,5,1,2026-01-22
1754,C0754,Male,41,Pune,Fashion,Credit Card,49600,6,4,2026-01-23
1755,C0755,Male,59,Delhi,Grocery,,5400,7,1,2026-01-24
1756,C0756,Female,25,Bangalore,Beauty,UPI,36500,7,2,2026-01-25
1757,C0757,Female,41,Pune,Grocery,Credit Card,47600,,5,2026-01-26
1758,C0758,Female,33,Delhi,Home Decor,Credit Card,52300,8,5,2026-01-27
1759,C0759,Female,43,Chennai,Electronics,UPI,43300,6,2,2026-01-28
1760,C0760,Female,44,Mumbai,Beauty,Credit Card,30000,6,4,2026-01-29
1761,C0761,Male,54,Mumbai,Beauty,UPI,43700,5,4,2026-01-30
1762,C0762,Male,21,Mumbai,Home Decor,UPI,20000,1,3,2026-01-31
1763,C0763,Male,41,Chennai,Grocery,Debit Card,13000,,1,2026-02-01
1764,C0764,Female,36,Delhi,Electronics,COD,53400,,4,2026-02-02
1765,C0765,Male,53,Chennai,Grocery,Credit Card,41300,,2,2026-02-03
1766,C0766,Female,56,Mumbai,Fashion,Credit Card,6700,8,4,2026-02-04
1767,C0767,Female,27,Pune,Grocery,Debit Card,24300,3,5,2026-02-05
1768,C0768,Female,42,Bangalore,Beauty,Debit Card,37100,1,1,2026-02-06
1769,C0769,Male,35,Chennai,Electronics,Debit Card,53800,8,,2026-02-07
1770,C0770,Female,36,Chennai,Grocery,,38600,7,3,2026-02-08
1771,C0771,Male,53,Delhi,Electronics,,43300,5,1,2026-02-09
1772,C0772,Female,27,Delhi,Electronics,,8500,7,5,2026-02-10
1773,C0773,Male,50,Chennai,Fashion,UPI,57600,4,5,2026-02-11
1774,C0774,Male,22,Mumbai,Fashion,Credit Card,28800,,5,2026-02-12
1775,C0775,Female,52,Bangalore,Beauty,COD,53600,2,5,2026-02-13
1776,C0776,Male,51,Delhi,Home Decor,UPI,46100,,2,2026-02-14
1777,C0777,Male,50,Mumbai,Electronics,Credit Card,21400,,3,2026-02-15
1778,C0778,Female,38,Pune,Home Decor,Credit Card,12800,5,,2026-02-16
1779,C0779,Female,34,Delhi,Beauty,Debit Card,41500,1,5,2026-02-17
1780,C0780,Female,39,Mumbai,Electronics,Debit Card,50100,7,5,2026-02-18
1781,C0781,Female,54,Mumbai,Electronics,UPI,42700,4,4,2026-02-19
1782,C0782,Female,32,Bangalore,Home Decor,Debit Card,55600,,3,2026-02-20
1783,C0783,Male,52,Bangalore,Grocery,Credit Card,54500,6,1,2026-02-21
1784,C0784,Male,45,Pune,Fashion,Debit Card,16000,3,3,2026-02-22
1785,C0785,Male,24,Mumbai,Grocery,,11400,6,3,2026-02-23
1786,C0786,,49,Mumbai,Home Decor,Debit Card,40400,6,,2026-02-24
1787,C0787,Female,28,Bangalore,Fashion,Credit Card,12400,5,3,2026-02-25
1788,C0788,Male,27,Delhi,Grocery,UPI,27500,2,,2026-02-26
1789,C0789,Female,26,Delhi,Fashion,COD,29600,2,5,2026-02-27
1790,C0790,,31,Chennai,Electronics,Debit Card,40000,7,5,2026-02-28
1791,C0791,Male,30,Bangalore,Grocery,Credit Card,47300,2,2,2026-03-01
1792,C0792,Female,42,Chennai,Fashion,COD,20900,6,,2026-03-02
1793,C0793,Female,19,Bangalore,Fashion,COD,11200,5,,2026-03-03
1794,C0794,Female,52,Pune,Fashion,,44200,4,1,2026-03-04
1795,C0795,Male,24,Mumbai,Grocery,COD,28000,7,4,2026-03-05
1796,C0796,Female,38,Pune,Beauty,Credit Card,57000,8,3,2026-03-06
1797,C0797,,35,Bangalore,Grocery,Credit Card,57100,4,1,2026-03-07
1798,C0798,Female,20,Mumbai,Home Decor,Debit Card,48400,1,,2026-03-08
1799,C0799,Female,59,Delhi,Grocery,Debit Card,11600,1,1,2026-03-09
1800,C0800,,56,Delhi,Fashion,Debit Card,47900,1,2,2026-03-10
1801,C0801,Female,58,Chennai,Electronics,COD,32300,1,4,2026-03-11
1802,C0802,Male,28,Bangalore,Grocery,COD,18100,5,,2026-03-12
1803,C0803,Female,56,Bangalore,Grocery,,22100,4,,2026-03-13
1804,C0804,Female,41,Delhi,Fashion,Debit Card,53000,,3,2026-03-14
1805,C0805,Male,36,Pune,Electronics,UPI,49400,3,4,2026-03-15
1806,C0806,Female,21,Mumbai,Electronics,,6300,7,2,2026-03-16
1807,C0807,,43,Pune,Home Decor,UPI,5600,8,5,2026-03-17
1808,C0808,,55,Pune,Grocery,COD,54000,6,1,2026-03-18
1809,C0809,Female,59,Delhi,Electronics,,6700,1,3,2026-03-19
1810,C0810,Male,49,Delhi,Electronics,,58800,8,,2026-03-20
1811,C0811,,56,Delhi,Beauty,Credit Card,17300,3,5,2026-03-21
1812,C0812,Female,53,Chennai,Beauty,COD,27500,8,2,2026-03-22
1813,C0813,Male,57,Pune,Electronics,COD,53700,4,4,2026-03-23
1814,C0814,,54,Bangalore,Home Decor,,39300,8,1,2026-03-24
1815,C0815,Female,50,Mumbai,Electronics,COD,32900,1,3,2026-03-25
1816,C0816,Female,53,Chennai,Fashion,,11000,3,,2026-03-26
1817,C0817,Female,20,Bangalore,Grocery,Credit Card,16400,6,,2026-03-27
1818,C0818,Male,26,Pune,Home Decor,,45400,,5,2026-03-28
1819,C0819,Male,25,Delhi,Fashion,COD,20800,2,5,2026-03-29
1820,C0820,Male,50,Pune,Home Decor,COD,59200,1,1,2026-03-30
1821,C0821,Female,23,Mumbai,Fashion,,1800,3,4,2026-03-31
1822,C0822,Male,58,Chennai,Grocery,,32900,4,2,2026-04-01
1823,C0823,Male,56,Chennai,Grocery,,400,5,4,2026-04-02
1824,C0824,Male,21,Mumbai,Beauty,Debit Card,1200,3,4,2026-04-03
1825,C0825,Female,30,Bangalore,Fashion,COD,43600,2,4,2026-04-04
1826,C0826,,19,Bangalore,Beauty,COD,12700,2,1,2026-04-05
1827,C0827,Male,22,Chennai,Fashion,Debit Card,8300,7,1,2026-04-06
1828,C0828,Male,44,Chennai,Beauty,,48700,,2,2026-04-07
1829,C0829,Female,49,Delhi,Grocery,Credit Card,15200,2,4,2026-04-08
1830,C0830,Female,38,Bangalore,Home Decor,,34200,7,1,2026-04-09
1831,C0831,Male,25,Mumbai,Beauty,,13100,7,2,2026-04-10
1832,C0832,Female,55,Bangalore,Fashion,Debit Card,44000,7,,2026-04-11
1833,C0833,Male,25,Delhi,Fashion,COD,50300,3,2,2026-04-12
1834,C0834,Male,20,Chennai,Grocery,,6000,7,4,2026-04-13
1835,C0835,Female,20,Chennai,Fashion,COD,20000,1,3,2026-04-14
1836,C0836,Male,39,Delhi,Electronics,UPI,21300,1,4,2026-04-15
1837,C0837,,23,Mumbai,Home Decor,COD,4700,5,3,2026-04-16
1838,C0838,Male,19,Chennai,Beauty,Credit Card,9900,2,2,2026-04-17
1839,C0839,Female,40,Pune,Home Decor,Credit Card,28100,,,2026-04-18
1840,C0840,Female,19,Chennai,Grocery,,53700,7,,2026-04-19
1841,C0841,Male,55,Pune,Beauty,COD,41200,4,1,2026-04-20
1842,C0842,Female,34,Delhi,Beauty,,46300,4,,2026-04-21
1843,C0843,Male,52,Delhi,Electronics,Debit Card,39300,2,5,2026-04-22
1844,C0844,,51,Chennai,Grocery,Credit Card,4600,5,2,2026-04-23
1845,C0845,Male,40,Bangalore,Fashion,,2900,4,1,2026-04-24
1846,C0846,Male,47,Pune,Electronics,Debit Card,9900,1,,2026-04-25
1847,C0847,Male,25,Mumbai,Electronics,,55000,8,2,2026-04-26
1848,C0848,,39,Chennai,Home Decor,COD,56900,3,4,2026-04-27
1849,C0849,Female,53,Mumbai,Home Decor,COD,22100,6,,2026-04-28
1850,C0850,Female,22,Chennai,Home Decor,COD,18700,4,3,2026-04-29
1851,C0851,Male,30,Bangalore,Electronics,COD,7100,,2,2026-04-30
1852,C0852,Female,46,Bangalore,Fashion,UPI,13200,7,1,2026-05-01
1853,C0853,Male,48,Bangalore,Beauty,Debit Card,56900,,4,2026-05-02
1854,C0854,Female,33,Bangalore,Home Decor,Debit Card,33600,3,5,2026-05-03
1855,C0855,Male,59,Delhi,Fashion,COD,15600,1,4,2026-05-04
1856,C0856,Male,47,Delhi,Grocery,UPI,54900,5,,2026-05-05
1857,C0857,Male,33,Pune,Home Decor,COD,8100,3,3,2026-05-06
1858,C0858,Female,29,Mumbai,Beauty,UPI,58100,6,4,2026-05-07
1859,C0859,Female,34,Chennai,Grocery,COD,41500,8,5,2026-05-08
1860,C0860,Male,33,Chennai,Grocery,Credit Card,54800,4,1,2026-05-09
1861,C0861,Female,29,Delhi,Beauty,Credit Card,17100,5,2,2026-05-10
1862,C0862,Female,25,Chennai,Home Decor,,58500,5,3,2026-05-11
1863,C0863,Female,37,Delhi,Electronics,COD,51700,4,5,2026-05-12
1864,C0864,Male,20,Pune,Beauty,Debit Card,31600,4,,2026-05-13
1865,C0865,Male,33,Mumbai,Beauty,,3400,4,,2026-05-14
1866,C0866,Female,47,Pune,Beauty,Credit Card,28900,4,,2026-05-15
1867,C0867,Male,40,Bangalore,Grocery,COD,59600,4,3,2026-05-16
1868,C0868,Male,45,Bangalore,Fashion,,4500,5,4,2026-05-17
1869,C0869,Female,57,Bangalore,Electronics,COD,300,2,3,2026-05-18
1870,C0870,,22,Pune,Home Decor,Credit Card,57500,2,,2026-05-19
1871,C0871,Male,37,Chennai,Home Decor,,27200,,5,2026-05-20
1872,C0872,Male,57,Mumbai,Fashion,Credit Card,18200,2,2,2026-05-21
1873,C0873,Female,18,Bangalore,Beauty,UPI,52000,6,2,2026-05-22
1874,C0874,Male,47,Bangalore,Electronics,Credit Card,10500,2,3,2026-05-23
1875,C0875,Male,38,Bangalore,Home Decor,COD,1200,5,,2026-05-24
1876,C0876,Male,37,Mumbai,Home Decor,Debit Card,58500,4,1,2026-05-25
1877,C0877,Female,23,Bangalore,Beauty,Credit Card,9200,7,3,2026-05-26
1878,C0878,Female,39,Mumbai,Fashion,Debit Card,22800,7,,2026-05-27
1879,C0879,Male,35,Bangalore,Electronics,UPI,12800,6,4,2026-05-28
1880,C0880,Male,25,Pune,Fashion,,21100,5,2,2026-05-29
1881,C0881,Male,56,Pune,Fashion,,9900,1,2,2026-05-30
1882,C0882,Female,49,Mumbai,Electronics,Debit Card,7600,3,2,2026-05-31
1883,C0883,Male,50,Pune,Electronics,,19300,,1,2026-06-01
1884,C0884,Male,33,Mumbai,Home Decor,Credit Card,5800,1,,2026-06-02
1885,C0885,Female,29,Pune,Home Decor,Debit Card,55500,5,,2026-06-03
1886,C0886,Male,55,Pune,Electronics,COD,3400,2,,2026-06-04
1887,C0887,Female,51,Mumbai,Grocery,Credit Card,52900,4,,2026-06-05
1888,C0888,Male,31,Chennai,Home Decor,Credit Card,57600,1,1,2026-06-06
1889,C0889,Male,53,Pune,Grocery,Credit Card,28600,3,5,2026-06-07
1890,C0890,Male,50,Bangalore,Electronics,COD,49600,7,3,2026-06-08
1891,C0891,Female,40,Chennai,Home Decor,UPI,18900,3,3,2026-06-09
1892,C0892,Female,19,Mumbai,Fashion,,50000,4,,2026-06-10
1893,C0893,Female,58,Chennai,Electronics,Debit Card,44400,2,4,2026-06-11
1894,C0894,Male,38,Delhi,Beauty,UPI,13200,3,2,2026-06-12
1895,C0895,Female,19,Delhi,Grocery,Debit Card,29400,,1,2026-06-13
1896,C0896,Male,44,Pune,Electronics,,11600,3,4,2026-06-14
1897,C0897,Male,26,Pune,Electronics,COD,20100,5,4,2026-06-15
1898,C0898,Female,18,Bangalore,Home Decor,Credit Card,1500,2,,2026-06-16
1899,C0899,Male,28,Chennai,Home Decor,Credit Card,27300,4,1,2026-06-17
1900,C0900,Male,20,Delhi,Home Decor,COD,21700,7,3,2026-06-18
1901,C0901,Male,40,Pune,Beauty,UPI,44600,7,2,2026-06-19
1902,C0902,Male,43,Chennai,Home Decor,UPI,51400,3,3,2026-06-20
1903,C0903,Male,21,Pune,Electronics,Debit Card,44900,5,4,2026-06-21
1904,C0904,Female,35,Pune,Home Decor,COD,7600,1,2,2026-06-22
1905,C0905,Male,23,Delhi,Fashion,UPI,53900,1,5,2026-06-23
1906,C0906,Female,52,Delhi,Home Decor,COD,10300,5,4,2026-06-24
1907,C0907,Female,39,Pune,Beauty,,17800,,3,2026-06-25
1908,C0908,Male,,Mumbai,Fashion,Credit Card,42900,1,3,2026-06-26
1909,C0909,Male,32,Pune,Electronics,Credit Card,11900,1,,2026-06-27
1910,C0910,Male,39,Pune,Electronics,Credit Card,16800,4,3,2026-06-28
1911,C0911,Female,54,Bangalore,Grocery,COD,4300,4,1,2026-06-29
1912,C0912,Male,59,Bangalore,Fashion,COD,43100,2,4,2026-06-30
1913,C0913,Female,29,Bangalore,Grocery,Debit Card,34600,,2,2026-07-01
1914,C0914,Male,59,Mumbai,Fashion,Credit Card,42600,,3,2026-07-02
1915,C0915,Female,55,Mumbai,Fashion,Debit Card,36800,2,,2026-07-03
1916,C0916,Male,35,Pune,Beauty,Credit Card,12200,,,2026-07-04
1917,C0917,Male,52,Bangalore,Grocery,Debit Card,23100,6,3,2026-07-05
1918,C0918,,47,Mumbai,Beauty,Debit Card,13200,8,1,2026-07-06
1919,C0919,Female,41,Delhi,Fashion,,35400,4,,2026-07-07
1920,C0920,Male,59,Pune,Electronics,Debit Card,32000,2,2,2026-07-08
1921,C0921,Female,47,Chennai,Fashion,COD,33900,2,4,2026-07-09
1922,C0922,Female,31,Pune,Beauty,Debit Card,27500,,5,2026-07-10
1923,C0923,Female,23,Chennai,Grocery,Credit Card,11900,1,1,2026-07-11
1924,C0924,Female,20,Bangalore,Grocery,Debit Card,37000,7,,2026-07-12
1925,C0925,Male,33,Chennai,Beauty,UPI,9600,3,4,2026-07-13
1926,C0926,Male,24,Bangalore,Grocery,Credit Card,17000,3,5,2026-07-14
1927,C0927,Male,31,Delhi,Home Decor,UPI,34300,2,3,2026-07-15
1928,C0928,Female,26,Chennai,Electronics,Credit Card,15400,6,3,2026-07-16
1929,C0929,Female,32,Pune,Electronics,COD,58800,2,2,2026-07-17
1930,C0930,Male,38,Bangalore,Electronics,COD,27600,4,5,2026-07-18
1931,C0931,Male,52,Pune,Grocery,COD,55600,,3,2026-07-19
1932,C0932,Female,19,Mumbai,Grocery,UPI,49800,,3,2026-07-20
1933,C0933,,44,Bangalore,Fashion,,10300,6,,2026-07-21
1934,C0934,Female,19,Chennai,Fashion,Credit Card,55900,4,2,2026-07-22
1935,C0935,Male,52,Bangalore,Electronics,COD,8400,7,4,2026-07-23
1936,C0936,Male,35,Pune,Home Decor,Credit Card,53100,1,3,2026-07-24
1937,C0937,Male,31,Delhi,Fashion,UPI,7500,4,1,2026-07-25
1938,C0938,,37,Bangalore,Fashion,,1600,5,1,2026-07-26
1939,C0939,Male,35,Chennai,Grocery,UPI,43500,8,4,2026-07-27
1940,C0940,Female,27,Mumbai,Home Decor,Credit Card,15900,2,5,2026-07-28
1941,C0941,Male,42,Delhi,Electronics,,13400,5,2,2026-07-29
1942,C0942,Female,19,Mumbai,Fashion,,34000,6,,2026-07-30
1943,C0943,Female,42,Bangalore,Home Decor,UPI,40600,5,1,2026-07-31
1944,C0944,Female,50,Pune,Home Decor,COD,37800,,1,2026-08-01
1945,C0945,Male,53,Pune,Electronics,Credit Card,56100,1,4,2026-08-02
1946,C0946,Male,48,Chennai,Home Decor,Debit Card,10900,3,5,2026-08-03
1947,C0947,Male,31,Pune,Home Decor,Debit Card,26700,2,5,2026-08-04
1948,C0948,,18,Delhi,Home Decor,UPI,20700,3,4,2026-08-05
1949,C0949,Female,33,Pune,Fashion,Credit Card,8100,,1,2026-08-06
1950,C0950,Female,20,Chennai,Electronics,Credit Card,15700,,2,2026-08-07
1951,C0951,Female,52,Bangalore,Home Decor,UPI,24900,2,1,2026-08-08
1952,C0952,Female,58,Bangalore,Home Decor,Credit Card,53300,3,5,2026-08-09
1953,C0953,Male,23,Pune,Fashion,COD,54000,4,,2026-08-10
1954,C0954,,42,Mumbai,Electronics,UPI,15600,,1,2026-08-11
1955,C0955,Male,30,Bangalore,Grocery,COD,15600,3,2,2026-08-12
1956,C0956,Male,51,Pune,Fashion,Credit Card,9400,7,3,2026-08-13
1957,C0957,Female,25,Chennai,Electronics,UPI,43500,3,1,2026-08-14
1958,C0958,Male,38,Pune,Home Decor,Credit Card,34000,7,4,2026-08-15
1959,C0959,Male,51,Bangalore,Electronics,UPI,48200,7,3,2026-08-16
1960,C0960,Female,21,Chennai,Electronics,Credit Card,13300,,4,2026-08-17
1961,C0961,Male,42,Pune,Electronics,COD,45200,2,4,2026-08-18
1962,C0962,Female,32,Delhi,Grocery,COD,27500,6,4,2026-08-19
1963,C0963,Male,21,Chennai,Electronics,Credit Card,59000,,1,2026-08-20
1964,C0964,Male,29,Delhi,Grocery,UPI,17900,2,5,2026-08-21
1965,C0965,Male,49,Mumbai,Home Decor,Debit Card,5100,2,3,2026-08-22
1966,C0966,Male,49,Chennai,Grocery,COD,56900,5,2,2026-08-23
1967,C0967,Female,45,Delhi,Home Decor,COD,35700,8,5,2026-08-24
1968,C0968,Male,30,Bangalore,Home Decor,Debit Card,31000,,1,2026-08-25
1969,C0969,Female,48,Bangalore,Grocery,Credit Card,4800,2,4,2026-08-26
1970,C0970,Female,31,Mumbai,Fashion,UPI,30400,5,2,2026-08-27
1971,C0971,Female,37,Chennai,Beauty,Credit Card,41000,7,3,2026-08-28
1972,C0972,,35,Chennai,Electronics,,19100,6,5,2026-08-29
1973,C0973,Female,46,Chennai,Beauty,COD,13100,6,,2026-08-30
1974,C0974,Male,23,Mumbai,Electronics,,56300,7,5,2026-08-31
1975,C0975,Male,49,Chennai,Electronics,COD,53900,3,2,2026-09-01
1976,C0976,Male,46,Bangalore,Home Decor,COD,26800,3,1,2026-09-02
1977,C0977,Female,,Delhi,Electronics,,12000,,3,2026-09-03
1978,C0978,Male,19,Bangalore,Electronics,,46600,8,2,2026-09-04
1979,C0979,Female,40,Bangalore,Grocery,Credit Card,14600,5,4,2026-09-05
1980,C0980,Female,36,Delhi,Beauty,,44400,6,3,2026-09-06
1981,C0981,Male,48,Bangalore,Grocery,Credit Card,20200,1,5,2026-09-07
1982,C0982,Female,22,Mumbai,Electronics,Credit Card,15900,1,2,2026-09-08
1983,C0983,Male,36,Delhi,Home Decor,Credit Card,48900,4,5,2026-09-09
1984,C0984,Male,51,Bangalore,Grocery,COD,13600,2,5,2026-09-10
1985,C0985,Female,27,Pune,Grocery,COD,15000,7,5,2026-09-11
1986,C0986,Female,42,Bangalore,Fashion,,33800,2,1,2026-09-12
1987,C0987,Female,19,Mumbai,Electronics,COD,7300,2,5,2026-09-13
1988,C0988,Male,28,Chennai,Home Decor,,23500,5,4,2026-09-14
1989,C0989,Male,48,Bangalore,Grocery,COD,33600,4,4,2026-09-15
1990,C0990,Female,32,Chennai,Grocery,UPI,9200,8,3,2026-09-16
1991,C0991,Female,26,Pune,Home Decor,UPI,33600,4,,2026-09-17
1992,C0992,Female,40,Bangalore,Electronics,,20100,6,5,2026-09-18
1993,C0993,Male,36,Delhi,Fashion,COD,16300,5,5,2026-09-19
1994,C0994,Female,26,Chennai,Grocery,COD,54000,2,2,2026-09-20
1995,C0995,Male,52,Pune,Fashion,Credit Card,12300,8,1,2026-09-21
1996,C0996,Male,38,Delhi,Beauty,Debit Card,30300,2,,2026-09-22
1997,C0997,,26,Delhi,Electronics,,57700,,3,2026-09-23
1998,C0998,Male,45,Delhi,Beauty,Debit Card,43800,,,2026-09-24
1999,C0999,,24,Delhi,Beauty,Debit Card,7000,3,5,2026-09-25
2000,C1000,Male,33,Bangalore,Beauty,,46100,4,2,2026-09-26
